{
    "mae": 0.8848631199515211,
    "r2": 0.9793057713587259
}