{
    "mae": 0.9160535890418694,
    "r2": 0.9760305612578005
}